,Name,Size,Coord,Direction,Color
0,"('Ethan', 1.0)",70,"(250, 141)",,"rgb(99, 168, 211)"
1,"('Jacob', 0.9647861062276917)",70,"(342, 211)",2.0,"rgb(69, 148, 199)"
2,"('Jayden', 0.9477385328432156)",70,"(569, 221)",,"rgb(219, 233, 246)"
3,"('Daniel', 0.8365031165095094)",70,"(690, 147)",,"rgb(102, 171, 212)"
4,"('Matthew', 0.814287997442864)",70,"(756, 116)",,"rgb(8, 62, 129)"
5,"('David', 0.8111981247669277)",70,"(821, 149)",,"rgb(217, 232, 245)"
6,"('Michael', 0.8085344414256034)",70,"(381, 138)",2.0,"rgb(48, 128, 189)"
7,"('Aiden', 0.7661818762985456)",70,"(444, 291)",,"rgb(37, 117, 183)"
8,"('Noah', 0.760108678280326)",70,"(376, 304)",,"rgb(11, 85, 159)"
9,"('Liam', 0.7498268605828139)",70,"(510, 303)",,"rgb(234, 242, 251)"
10,"('Alexander', 0.7375739172127217)",52,"(643, 191)",,"rgb(8, 49, 109)"
11,"('Joseph', 0.7013478237707101)",52,"(277, 83)",2.0,"rgb(62, 142, 196)"
12,"('Ryan', 0.6898939854030153)",52,"(255, 347)",2.0,"rgb(119, 181, 217)"
13,"('Dylan', 0.6714612966810506)",52,"(97, 28)",,"rgb(220, 234, 246)"
14,"('Lucas', 0.6385381705822811)",51,"(304, 138)",,"rgb(137, 190, 220)"
15,"('Mason', 0.6324116988972351)",49,"(875, 184)",,"rgb(95, 166, 209)"
16,"('Anthony', 0.5802035054072772)",34,"(214, 173)",,"rgb(201, 221, 240)"
17,"('Joshua', 0.5704011507112035)",34,"(150, 27)",,"rgb(233, 242, 250)"
18,"('James', 0.5472803793085078)",34,"(424, 266)",2.0,"rgb(21, 97, 169)"
19,"('JUSTIN', 0.5462149059719781)",34,"(744, 298)",,"rgb(238, 245, 252)"
20,"('Benjamin', 0.5228277662351499)",25,"(70, 45)",,"rgb(39, 119, 184)"
21,"('Christopher', 0.5130254115390762)",20,"(498, 376)",,"rgb(224, 236, 248)"
22,"('Sebastian', 0.5023706781737787)",20,"(280, 405)",2.0,"rgb(10, 83, 158)"
23,"('William', 0.49992008949976025)",20,"(126, 212)",,"rgb(239, 246, 252)"
24,"('Samuel', 0.4833519791167226)",20,"(548, 208)",,"rgb(81, 156, 204)"
25,"('Aaron', 0.4616695967183421)",20,"(221, 413)",,"rgb(8, 68, 136)"
26,"('Gabriel', 0.4561291353683874)",20,"(349, 126)",,"rgb(70, 149, 200)"
27,"('Nicholas', 0.45591604070108144)",20,"(625, 197)",,"rgb(165, 205, 227)"
28,"('Jonathan', 0.4436630973309893)",20,"(323, 74)",2.0,"rgb(8, 74, 145)"
29,"('ANDREW', 0.44004048798678813)",20,"(567, 403)",,"rgb(12, 86, 160)"
30,"('John', 0.42725480794843107)",20,"(499, 103)",,"rgb(242, 248, 253)"
31,"('KEVIN', 0.4196366735922434)",20,"(568, 120)",2.0,"rgb(184, 213, 234)"
32,"('CHRISTIAN', 0.4186777475893666)",20,"(178, 39)",,"rgb(168, 206, 228)"
33,"('Elijah', 0.4107399712322199)",20,"(144, 338)",2.0,"rgb(95, 166, 209)"
34,"('Adam', 0.39076234617228706)",20,"(159, 363)",,"rgb(199, 219, 239)"
35,"('BRANDON', 0.3732353097863726)",20,"(625, 382)",,"rgb(195, 218, 238)"
36,"('Isaac', 0.37248947845080177)",20,"(703, 393)",,"rgb(188, 215, 235)"
37,"('Moshe', 0.3647647967609611)",20,"(383, 475)",2.0,"rgb(122, 182, 217)"
38,"('Jason', 0.3631665867561664)",20,"(676, 124)",,"rgb(242, 247, 253)"
39,"('Nathan', 0.3603430824143626)",20,"(372, 192)",2.0,"rgb(8, 70, 139)"
40,"('Jack', 0.35757285173938524)",20,"(154, 225)",,"rgb(116, 179, 216)"
41,"('Henry', 0.35149965372116565)",20,"(347, 421)",,"rgb(26, 104, 174)"
42,"('Logan', 0.3442544350327633)",20,"(717, 391)",,"rgb(231, 240, 250)"
43,"('Jeremiah', 0.34270949869479517)",20,"(109, 211)",,"rgb(114, 178, 216)"
44,"('Adrian', 0.3381812370145437)",20,"(347, 267)",2.0,"rgb(61, 141, 196)"
45,"('Angel', 0.32475627297426884)",20,"(235, 310)",,"rgb(21, 98, 169)"
46,"('Julian', 0.31729795961856055)",20,"(816, 205)",,"rgb(18, 93, 166)"
47,"('Tyler', 0.3164988546161632)",20,"(265, 473)",,"rgb(101, 170, 212)"
48,"('Evan', 0.3028607959085824)",20,"(314, 301)",,"rgb(8, 65, 132)"
49,"('Oliver', 0.2890629162005221)",20,"(685, 203)",,"rgb(91, 163, 208)"
50,"('Abraham', 0.27329391081988175)",20,"(341, 289)",2.0,"rgb(119, 181, 217)"
51,"('Charles', 0.2703638591444249)",20,"(139, 108)",,"rgb(73, 151, 201)"
52,"('Nathaniel', 0.2694582068083746)",20,"(404, 208)",2.0,"rgb(102, 171, 212)"
53,"('Ayden', 0.2661019657983059)",20,"(692, 121)",2.0,"rgb(29, 108, 177)"
54,"('Leo', 0.2647701241276437)",20,"(565, 310)",,"rgb(60, 140, 195)"
55,"('Eli', 0.2643439347930318)",20,"(570, 207)",,"rgb(49, 129, 189)"
56,"('Ian', 0.26247935645410475)",20,"(438, 418)",,"rgb(247, 251, 255)"
57,"('ERIC', 0.2549144957647435)",20,"(203, 88)",,"rgb(8, 70, 139)"
58,"('Thomas', 0.24825528741143252)",20,"(684, 382)",,"rgb(8, 66, 133)"
59,"('Jeremy', 0.24692344574077033)",20,"(419, 129)",2.0,"rgb(101, 170, 212)"
60,"('Josiah', 0.2448990464013638)",20,"(912, 232)",,"rgb(75, 152, 202)"
61,"('Zachary', 0.24127643705716265)",17,"(286, 470)",,"rgb(235, 243, 251)"
62,"('Xavier', 0.23738745937882905)",17,"(639, 406)",,"rgb(54, 134, 192)"
63,"('Max', 0.2362154387086463)",17,"(504, 338)",2.0,"rgb(221, 234, 247)"
64,"('ISAIAH', 0.2319535453625273)",17,"(254, 126)",2.0,"rgb(8, 62, 129)"
65,"('Jordan', 0.22987587235629428)",17,"(518, 295)",2.0,"rgb(54, 134, 192)"
66,"('Chaim', 0.2292898620212029)",17,"(205, 423)",,"rgb(178, 210, 232)"
67,"('Caleb', 0.22124553833040328)",17,"(688, 300)",,"rgb(133, 188, 220)"
68,"('Luke', 0.2181023919876405)",17,"(747, 169)",,"rgb(140, 192, 221)"
69,"('Austin', 0.2152256139790102)",17,"(284, 425)",2.0,"rgb(16, 91, 164)"
70,"('Steven', 0.21272175163816526)",17,"(815, 354)",2.0,"rgb(97, 167, 210)"
71,"('Alex', 0.2121890149699004)",17,"(632, 339)",,"rgb(30, 109, 178)"
72,"('Amir', 0.21091044696606467)",17,"(92, 110)",,"rgb(45, 125, 187)"
73,"('Muhammad', 0.20840658462521974)",17,"(522, 477)",2.0,"rgb(62, 142, 196)"
74,"('Owen', 0.20228011294017367)",17,"(364, 148)",,"rgb(87, 160, 206)"
75,"('Joel', 0.19737893559213682)",17,"(244, 431)",,"rgb(104, 172, 213)"
76,"('Robert', 0.1931170422460178)",17,"(743, 215)",,"rgb(143, 194, 222)"
77,"('Jaden', 0.19024026423738746)",17,"(144, 354)",,"rgb(79, 155, 203)"
78,"('Vincent', 0.1883756858984604)",17,"(93, 220)",,"rgb(8, 71, 141)"
79,"('Jose', 0.18326141388311756)",17,"(305, 481)",,"rgb(8, 74, 145)"
80,"('Elias', 0.18246230888072026)",17,"(170, 230)",,"rgb(8, 61, 127)"
81,"('Theodore', 0.17830696286825423)",17,"(447, 193)",2.0,"rgb(133, 188, 220)"
82,"('Tristan', 0.17777422619998934)",17,"(248, 238)",,"rgb(32, 112, 180)"
83,"('Jackson', 0.17431143785626765)",17,"(55, 71)",,"rgb(217, 231, 245)"
84,"('Bryan', 0.1732459645197379)",17,"(176, 359)",,"rgb(141, 193, 221)"
85,"('Chase', 0.17170102818176974)",17,"(256, 385)",2.0,"rgb(211, 227, 243)"
86,"('Carter', 0.16877097650631293)",17,"(430, 323)",,"rgb(36, 116, 183)"
87,"('Brian', 0.16674657716690638)",17,"(813, 306)",2.0,"rgb(174, 209, 231)"
88,"('Kyle', 0.16589419849768258)",17,"(528, 207)",,"rgb(95, 166, 209)"
89,"('LUIS', 0.16445580949336744)",17,"(383, 127)",,"rgb(69, 148, 199)"
90,"('Yosef', 0.16424271482606148)",17,"(566, 194)",2.0,"rgb(190, 216, 236)"
91,"('Emmanuel', 0.1637099781577966)",15,"(810, 126)",,"rgb(32, 111, 180)"
92,"('Aidan', 0.16285759948857279)",15,"(588, 137)",,"rgb(156, 201, 225)"
93,"('Ivan', 0.16131266315060466)",15,"(377, 353)",,"rgb(238, 245, 252)"
94,"('Kayden', 0.16019391614724843)",15,"(809, 368)",2.0,"rgb(200, 220, 240)"
95,"('Jake', 0.1580629694741889)",15,"(297, 438)",2.0,"rgb(196, 218, 238)"
96,"('Alan', 0.15800969580736243)",15,"(201, 357)",,"rgb(235, 243, 251)"
97,"('Gavin', 0.15747695913909754)",15,"(497, 290)",,"rgb(8, 73, 144)"
98,"('Luca', 0.1551329177987321)",15,"(640, 301)",,"rgb(156, 201, 225)"
99,"('George', 0.1550796441319056)",15,"(444, 97)",2.0,"rgb(8, 51, 112)"
100,"('Cameron', 0.14485110010121996)",15,"(240, 138)",,"rgb(8, 52, 113)"
101,"('Hunter', 0.14474455276756698)",15,"(333, 321)",2.0,"rgb(62, 142, 196)"
102,"('Leonardo', 0.1446912791007405)",14,"(141, 205)",,"rgb(51, 131, 190)"
103,"('Shimon', 0.14373235309786372)",14,"(401, 491)",2.0,"rgb(146, 196, 222)"
104,"('Victor', 0.14154813275797773)",14,"(640, 249)",,"rgb(230, 240, 249)"
105,"('Mateo', 0.14064248042192745)",14,"(523, 124)",2.0,"rgb(10, 84, 158)"
106,"('RICHARD', 0.14016301742048906)",14,"(129, 334)",,"rgb(8, 51, 112)"
107,"('Carlos', 0.14000319642000958)",14,"(368, 443)",,"rgb(174, 209, 231)"
108,"('Giovanni', 0.13771242874647063)",14,"(140, 325)",2.0,"rgb(8, 66, 133)"
109,"('Omar', 0.13755260774599115)",14,"(443, 455)",,"rgb(8, 48, 107)"
110,"('Menachem', 0.13590112407437005)",12,"(192, 88)",,"rgb(124, 183, 218)"
111,"('Mohamed', 0.1347823770710138)",12,"(89, 33)",,"rgb(8, 67, 135)"
112,"('Oscar', 0.1347291034041873)",12,"(760, 278)",2.0,"rgb(145, 195, 222)"
113,"('Sean', 0.13446273507005488)",12,"(127, 299)",2.0,"rgb(220, 234, 246)"
114,"('Nicolas', 0.1343561877364019)",12,"(210, 243)",,"rgb(10, 84, 158)"
115,"('Edward', 0.1334505354003516)",12,"(444, 359)",,"rgb(215, 230, 245)"
116,"('Miles', 0.13201214639603645)",12,"(736, 428)",2.0,"rgb(233, 242, 250)"
117,"('Mordechai', 0.13004102072345639)",12,"(513, 378)",,"rgb(202, 222, 240)"
118,"('Jace', 0.1299344733898034)",12,"(835, 141)",2.0,"rgb(8, 50, 110)"
119,"('Derek', 0.12972137872249748)",12,"(696, 360)",2.0,"rgb(138, 191, 221)"
120,"('Asher', 0.12615204304512279)",12,"(306, 314)",,"rgb(32, 111, 180)"
121,"('Marcus', 0.12583240104416388)",12,"(193, 430)",,"rgb(8, 60, 125)"
122,"('Yehuda', 0.12434073837302222)",12,"(331, 332)",2.0,"rgb(157, 202, 225)"
123,"('Yisroel', 0.1214106866975654)",12,"(262, 303)",2.0,"rgb(8, 60, 125)"
124,"('MIGUEL', 0.12093122369612701)",12,"(572, 255)",,"rgb(22, 99, 170)"
125,"('Levi', 0.11975920302594427)",12,"(513, 326)",2.0,"rgb(181, 212, 233)"
126,"('ANDY', 0.11917319269085291)",12,"(600, 209)",,"rgb(8, 69, 138)"
127,"('JUAN', 0.11858718235576154)",12,"(531, 284)",2.0,"rgb(104, 172, 213)"
128,"('Maxwell', 0.116669330350008)",12,"(544, 155)",,"rgb(14, 89, 162)"
129,"('Connor', 0.11022321666400298)",12,"(83, 237)",,"rgb(188, 215, 235)"
130,"('Hudson', 0.11011666933035001)",12,"(429, 428)",,"rgb(8, 56, 119)"
131,"('Mark', 0.10947738532843215)",12,"(625, 138)",,"rgb(105, 173, 213)"
132,"('Dominic', 0.10558840765009855)",12,"(603, 470)",2.0,"rgb(166, 206, 228)"
133,"('Jonah', 0.1041500186457834)",12,"(337, 441)",,"rgb(186, 214, 235)"
134,"('Ali', 0.10345746097703905)",12,"(827, 127)",2.0,"rgb(169, 207, 229)"
135,"('Ibrahim', 0.10340418731021256)",12,"(276, 178)",2.0,"rgb(95, 166, 209)"
136,"('Jesus', 0.10233871397368281)",12,"(541, 318)",,"rgb(8, 71, 141)"
137,"('Peter', 0.10228544030685632)",12,"(910, 202)",,"rgb(87, 160, 206)"
138,"('Yitzchok', 0.10201907197272388)",12,"(629, 119)",2.0,"rgb(219, 233, 246)"
139,"('Aron', 0.10127324063715305)",12,"(165, 151)",,"rgb(179, 211, 232)"
140,"('Axel', 0.10116669330350007)",12,"(876, 154)",,"rgb(11, 85, 159)"
141,"('Kaiden', 0.09727771562516647)",12,"(782, 200)",2.0,"rgb(68, 147, 199)"
142,"('Kai', 0.09679825262372808)",12,"(807, 277)",2.0,"rgb(227, 238, 248)"
143,"('Antonio', 0.09594587395450428)",12,"(113, 20)",2.0,"rgb(62, 142, 196)"
144,"('Mohammed', 0.09573277928719834)",12,"(250, 219)",2.0,"rgb(241, 247, 253)"
145,"('Felix', 0.09567950562037185)",12,"(411, 144)",,"rgb(28, 106, 176)"
146,"('King', 0.09562623195354536)",12,"(786, 221)",,"rgb(206, 224, 242)"
147,"('Erick', 0.09509349528528048)",12,"(448, 330)",2.0,"rgb(14, 88, 162)"
148,"('Alejandro', 0.09493367428480103)",9,"(463, 224)",,"rgb(43, 123, 186)"
149,"('Ezra', 0.09408129561557722)",9,"(522, 265)",,"rgb(121, 181, 217)"
150,"('Patrick', 0.09370837994779181)",9,"(192, 45)",,"rgb(57, 137, 193)"
151,"('Shlomo', 0.09360183261413883)",9,"(423, 237)",,"rgb(137, 190, 220)"
152,"('Mohammad', 0.09163070694155878)",9,"(875, 280)",,"rgb(102, 171, 212)"
153,"('Timothy', 0.08992594960311118)",9,"(699, 382)",2.0,"rgb(35, 115, 182)"
154,"('Yakov', 0.08933993926801982)",9,"(813, 319)",,"rgb(33, 113, 181)"
155,"('Israel', 0.08918011826754035)",9,"(176, 147)",,"rgb(193, 217, 237)"
156,"('Raymond', 0.08907357093388737)",9,"(881, 326)",,"rgb(42, 122, 185)"
157,"('DEVIN', 0.08854083426562251)",9,"(94, 154)",,"rgb(8, 72, 142)"
158,"('Diego', 0.08779500293005167)",9,"(648, 220)",2.0,"rgb(181, 212, 233)"
159,"('Rafael', 0.08758190826274573)",9,"(341, 283)",2.0,"rgb(164, 204, 227)"
160,"('Zion', 0.08704917159448085)",9,"(255, 491)",,"rgb(23, 100, 171)"
161,"('Leon', 0.08582387725747163)",9,"(470, 477)",2.0,"rgb(243, 248, 254)"
162,"('Harrison', 0.08550423525651271)",9,"(236, 421)",,"rgb(31, 110, 179)"
163,"('EDWIN', 0.08513131958872729)",9,"(747, 276)",,"rgb(59, 139, 194)"
164,"('Prince', 0.08310692024932076)",9,"(332, 288)",,"rgb(8, 79, 153)"
165,"('Simon', 0.08284055191518833)",9,"(819, 385)",2.0,"rgb(199, 220, 239)"
166,"('Louis', 0.08049651057482286)",9,"(622, 333)",,"rgb(132, 188, 219)"
167,"('Meir', 0.08001704757338447)",9,"(310, 150)",,"rgb(69, 148, 199)"
168,"('Gael', 0.0799105002397315)",9,"(222, 153)",,"rgb(190, 216, 236)"
169,"('Damian', 0.07985722657290502)",9,"(158, 157)",,"rgb(50, 130, 190)"
170,"('Santiago', 0.07975067923925204)",9,"(696, 271)",2.0,"rgb(61, 141, 196)"
171,"('MALACHI', 0.07964413190559906)",9,"(312, 397)",2.0,"rgb(11, 85, 159)"
172,"('Shmuel', 0.07900484790368122)",9,"(438, 290)",,"rgb(22, 99, 170)"
173,"('Ahmed', 0.07889830057002824)",9,"(772, 410)",,"rgb(214, 229, 244)"
174,"('Yaakov', 0.07809919556763092)",9,"(226, 313)",,"rgb(114, 178, 216)"
175,"('Zev', 0.07543551222630654)",9,"(449, 486)",,"rgb(237, 244, 252)"
176,"('Martin', 0.07378402855468542)",9,"(506, 225)",,"rgb(88, 161, 207)"
177,"('Micah', 0.0734111128869)",9,"(362, 388)",2.0,"rgb(234, 242, 251)"
178,"('Avraham', 0.07314474455276757)",9,"(447, 90)",2.0,"rgb(111, 176, 215)"
179,"('JAIDEN', 0.07245218688402323)",9,"(379, 209)",,"rgb(116, 179, 216)"
180,"('Avery', 0.0717063555484524)",9,"(567, 345)",,"rgb(161, 203, 226)"
181,"('Messiah', 0.07101379787970806)",9,"(240, 218)",,"rgb(39, 119, 184)"
182,"('Albert', 0.07037451387779022)",9,"(543, 224)",,"rgb(190, 216, 236)"
183,"('Jasper', 0.06898939854030153)",9,"(587, 214)",,"rgb(231, 240, 250)"
184,"('Tzvi', 0.06888285120664855)",9,"(261, 97)",,"rgb(8, 64, 130)"
185,"('ALVIN', 0.06882957753982206)",9,"(809, 391)",,"rgb(21, 98, 169)"
186,"('Bryce', 0.0686697565393426)",9,"(280, 238)",2.0,"rgb(12, 86, 160)"
187,"('Blake', 0.06792392520377177)",9,"(433, 391)",,"rgb(229, 239, 249)"
188,"('KENNETH', 0.06723136753502744)",9,"(761, 167)",,"rgb(28, 107, 176)"
189,"('Solomon', 0.06691172553406852)",9,"(645, 348)",,"rgb(60, 140, 195)"
190,"('Matteo', 0.06685845186724203)",9,"(461, 158)",,"rgb(193, 217, 237)"
191,"('Ayaan', 0.06643226253263013)",9,"(668, 454)",2.0,"rgb(63, 143, 197)"
192,"('Amari', 0.06600607319801823)",9,"(205, 205)",,"rgb(231, 241, 250)"
193,"('JEFFREY', 0.06568643119705929)",9,"(490, 109)",,"rgb(8, 75, 147)"
194,"('Jadiel', 0.06526024186244739)",9,"(98, 61)",,"rgb(230, 240, 249)"
195,"('Ashton', 0.06494059986148847)",9,"(140, 29)",,"rgb(64, 144, 197)"
196,"('Jayce', 0.06456768419370305)",9,"(145, 271)",,"rgb(124, 183, 218)"
197,"('Grayson', 0.06451441052687656)",9,"(464, 499)",2.0,"rgb(53, 133, 191)"
198,"('Lorenzo', 0.06414149485909115)",9,"(875, 243)",,"rgb(65, 145, 198)"
199,"('ALEXIS', 0.06408822119226466)",9,"(192, 376)",,"rgb(221, 234, 247)"
200,"('Marco', 0.0639284001917852)",9,"(747, 143)",,"rgb(206, 224, 242)"
201,"('Colin', 0.0639284001917852)",9,"(159, 275)",,"rgb(241, 247, 253)"
202,"('Paul', 0.0634489371903468)",9,"(199, 64)",,"rgb(35, 115, 182)"
203,"('Brayden', 0.06249001118747003)",9,"(229, 136)",,"rgb(86, 160, 206)"
204,"('Cristian', 0.06217036918651111)",9,"(514, 108)",,"rgb(116, 179, 216)"
205,"('Mendel', 0.06195727451920516)",9,"(255, 315)",,"rgb(207, 225, 242)"
206,"('ALLEN', 0.06174417985189921)",9,"(706, 139)",2.0,"rgb(215, 230, 245)"
207,"('Landon', 0.06121144318363433)",9,"(563, 258)",,"rgb(211, 227, 243)"
208,"('Ariel', 0.060412338181237014)",9,"(138, 82)",,"rgb(106, 174, 214)"
209,"('Eliezer', 0.0596132331788397)",9,"(514, 469)",,"rgb(111, 176, 215)"
210,"('Ari', 0.05950668584518672)",9,"(826, 328)",,"rgb(211, 228, 243)"
211,"('Josue', 0.05886740184326887)",9,"(265, 158)",,"rgb(81, 156, 204)"
212,"('Shulem', 0.05764210750625966)",9,"(760, 221)",,"rgb(151, 198, 223)"
213,"('Dov', 0.057056097171168295)",9,"(152, 210)",,"rgb(9, 82, 157)"
214,"('Chris', 0.056683181503382876)",9,"(589, 258)",2.0,"rgb(223, 235, 247)"
215,"('FRANK', 0.05567098183367961)",9,"(269, 91)",,"rgb(223, 236, 247)"
216,"('Preston', 0.05561770816685312)",9,"(280, 504)",,"rgb(8, 74, 145)"
217,"('Noel', 0.05476532949762932)",9,"(245, 114)",,"rgb(10, 84, 158)"
218,"('Rayan', 0.05455223483032337)",9,"(379, 447)",,"rgb(200, 220, 240)"
219,"('Declan', 0.0540194981620585)",9,"(429, 290)",,"rgb(8, 77, 150)"
220,"('Elliot', 0.0540194981620585)",9,"(522, 374)",2.0,"rgb(100, 169, 211)"
221,"('Julius', 0.05364658249427308)",9,"(340, 134)",,"rgb(154, 200, 224)"
222,"('Bradley', 0.05316711949283469)",9,"(547, 140)",2.0,"rgb(60, 140, 195)"
223,"('Maximus', 0.05279420382504928)",9,"(599, 299)",2.0,"rgb(229, 239, 249)"
224,"('ANDRES', 0.05274093015822279)",9,"(350, 395)",2.0,"rgb(8, 59, 124)"
225,"('Jorge', 0.052581109157743326)",9,"(521, 162)",,"rgb(116, 179, 216)"
226,"('Anderson', 0.05252783549091684)",9,"(338, 64)",2.0,"rgb(125, 184, 218)"
227,"('Roman', 0.05252783549091684)",9,"(890, 328)",,"rgb(186, 214, 235)"
228,"('Wesley', 0.052474561824090354)",9,"(456, 364)",2.0,"rgb(21, 97, 169)"
229,"('Javier', 0.052421288157263865)",9,"(503, 152)",,"rgb(42, 122, 185)"
230,"('Nolan', 0.052368014490437376)",9,"(856, 266)",,"rgb(211, 227, 243)"
231,"('Maximilian', 0.05204837248947845)",9,"(375, 425)",2.0,"rgb(84, 159, 205)"
232,"('Riley', 0.051888551488998985)",9,"(270, 399)",,"rgb(218, 232, 246)"
233,"('Iker', 0.05114272015342816)",9,"(168, 317)",2.0,"rgb(8, 79, 153)"
234,"('Sam', 0.0509828991529487)",9,"(326, 212)",,"rgb(244, 249, 254)"
235,"('Lukas', 0.05018379415055138)",9,"(481, 435)",,"rgb(49, 129, 189)"
236,"('Arthur', 0.04959778381546002)",9,"(875, 211)",,"rgb(148, 196, 223)"
237,"('Dominick', 0.04938468914815407)",9,"(525, 491)",2.0,"rgb(184, 213, 234)"
238,"('Cooper', 0.04911832081402163)",9,"(274, 326)",2.0,"rgb(220, 233, 246)"
239,"('Wyatt', 0.04911832081402163)",9,"(640, 129)",2.0,"rgb(24, 101, 172)"
240,"('Dovid', 0.04906504714719514)",9,"(498, 350)",,"rgb(14, 89, 162)"
241,"('Abdullah', 0.04863885781258324)",9,"(527, 382)",2.0,"rgb(10, 84, 158)"
242,"('Dean', 0.048372489478450804)",9,"(811, 286)",,"rgb(14, 88, 162)"
243,"('Adonis', 0.047893026477012414)",9,"(605, 404)",,"rgb(130, 187, 219)"
244,"('Adriel', 0.04773320547653295)",9,"(453, 143)",2.0,"rgb(65, 145, 198)"
245,"('ANGELO', 0.04746683714240051)",9,"(317, 490)",,"rgb(8, 61, 127)"
246,"('RANDY', 0.04741356347557402)",9,"(366, 118)",,"rgb(246, 250, 255)"
247,"('Shia', 0.04741356347557402)",9,"(111, 181)",2.0,"rgb(190, 216, 236)"
248,"('Nasir', 0.04730701614192105)",9,"(590, 448)",2.0,"rgb(229, 239, 249)"
249,"('Simcha', 0.04720046880826807)",9,"(776, 221)",,"rgb(54, 134, 192)"
250,"('Lipa', 0.0470939214746151)",9,"(311, 67)",,"rgb(231, 240, 250)"
251,"('Yechiel', 0.04677427947365617)",9,"(210, 473)",2.0,"rgb(70, 149, 200)"
252,"('DANNY', 0.04608172180491183)",9,"(350, 311)",2.0,"rgb(242, 247, 253)"
253,"('Jaxon', 0.04608172180491183)",9,"(265, 262)",2.0,"rgb(227, 238, 249)"
254,"('MANUEL', 0.04608172180491183)",9,"(214, 347)",,"rgb(157, 202, 225)"
255,"('Eliyahu', 0.04602844813808534)",9,"(706, 225)",2.0,"rgb(33, 113, 181)"
256,"('Charlie', 0.04576207980395291)",9,"(183, 238)",,"rgb(15, 90, 163)"
257,"('Tenzin', 0.04570880613712642)",9,"(616, 191)",,"rgb(232, 241, 250)"
258,"('Johan', 0.04544243780299398)",9,"(303, 247)",,"rgb(127, 185, 218)"
259,"('Thiago', 0.044643332800596666)",9,"(534, 468)",2.0,"rgb(8, 55, 118)"
260,"('JUDAH', 0.04459005913377018)",9,"(299, 491)",,"rgb(166, 206, 228)"
261,"('EDUARDO', 0.044270417132811254)",9,"(573, 384)",2.0,"rgb(86, 160, 206)"
262,"('Darren', 0.044110596132331786)",9,"(412, 76)",2.0,"rgb(234, 243, 251)"
263,"('JAYLEN', 0.044004048798678815)",9,"(693, 187)",2.0,"rgb(234, 243, 251)"
264,"('August', 0.044004048798678815)",9,"(701, 303)",2.0,"rgb(105, 173, 213)"
265,"('Dariel', 0.043524585797240424)",9,"(792, 340)",,"rgb(56, 136, 193)"
266,"('Shaya', 0.043524585797240424)",9,"(461, 112)",2.0,"rgb(130, 187, 219)"
267,"('Kaden', 0.043204943796281495)",9,"(376, 169)",,"rgb(129, 186, 219)"
268,"('Cole', 0.043204943796281495)",9,"(240, 268)",,"rgb(46, 126, 188)"
269,"('Eason', 0.042991849128975544)",9,"(627, 171)",,"rgb(234, 243, 251)"
270,"('Avrohom', 0.04288530179532257)",9,"(259, 138)",2.0,"rgb(97, 167, 210)"
271,"('Gregory', 0.04283202812849608)",9,"(521, 113)",2.0,"rgb(159, 202, 225)"
272,"('SHANE', 0.04261893346119013)",9,"(314, 367)",,"rgb(8, 48, 107)"
273,"('Cesar', 0.04251238612753716)",9,"(616, 158)",,"rgb(24, 101, 172)"
274,"('Matias', 0.04229929146023121)",9,"(772, 321)",2.0,"rgb(8, 75, 147)"
275,"('Kaleb', 0.04203292312609877)",9,"(187, 437)",,"rgb(188, 215, 235)"
276,"('Malik', 0.04203292312609877)",9,"(726, 331)",,"rgb(32, 112, 180)"
277,"('Mamadou', 0.04197964945927228)",9,"(311, 258)",2.0,"rgb(242, 247, 253)"
278,"('Fernando', 0.04144691279100741)",9,"(267, 346)",2.0,"rgb(220, 234, 246)"
279,"('Ismael', 0.04139363912418092)",9,"(212, 187)",,"rgb(105, 173, 213)"
280,"('Finn', 0.04118054445687497)",9,"(363, 422)",,"rgb(130, 187, 219)"
281,"('Salvatore', 0.04091417612274253)",6,"(341, 166)",,"rgb(234, 243, 251)"
282,"('Francisco', 0.04075435512226307)",6,"(430, 88)",,"rgb(157, 202, 225)"
283,"('Moses', 0.039688881785733314)",6,"(534, 341)",,"rgb(208, 226, 242)"
284,"('JOHNNY', 0.039315966117947895)",6,"(812, 253)",,"rgb(8, 53, 115)"
285,"('Aryeh', 0.039209418784294923)",6,"(652, 246)",2.0,"rgb(244, 249, 254)"
286,"('JAYSON', 0.039156145117468434)",6,"(778, 157)",,"rgb(90, 162, 207)"
287,"('KINGSLEY', 0.03883650311650951)",6,"(600, 148)",,"rgb(39, 119, 184)"
288,"('Hershy', 0.03883650311650951)",6,"(787, 301)",2.0,"rgb(202, 221, 240)"
289,"('Parker', 0.038676682116030044)",6,"(466, 412)",2.0,"rgb(174, 209, 231)"
290,"('Hector', 0.03857013478237707)",6,"(257, 434)",,"rgb(13, 87, 161)"
291,"('Usher', 0.03851686111555058)",6,"(266, 361)",,"rgb(106, 174, 214)"
292,"('Stephen', 0.03830376644824463)",6,"(716, 247)",2.0,"rgb(217, 231, 245)"
293,"('Emanuel', 0.03814394544776517)",6,"(250, 352)",,"rgb(91, 163, 208)"
294,"('Mayer', 0.03766448244632678)",6,"(780, 410)",,"rgb(72, 150, 200)"
295,"('Naftali', 0.03713174577806191)",6,"(68, 63)",,"rgb(8, 69, 138)"
296,"('JEAN', 0.03686537744392947)",6,"(623, 365)",,"rgb(238, 245, 252)"
297,"('Hayden', 0.03681210377710298)",6,"(402, 232)",,"rgb(8, 58, 122)"
298,"('Maxim', 0.03633264077566459)",6,"(441, 232)",,"rgb(18, 93, 166)"
299,"('ANDRE', 0.0362793671088381)",6,"(393, 468)",2.0,"rgb(236, 244, 251)"
300,"('RICARDO', 0.0362793671088381)",6,"(121, 349)",,"rgb(225, 237, 248)"
301,"('Jared', 0.03606627244153215)",6,"(207, 66)",,"rgb(190, 216, 236)"
302,"('JERRY', 0.035693356773746736)",6,"(341, 369)",,"rgb(25, 102, 173)"
303,"('Raphael', 0.035640083106920246)",6,"(341, 215)",2.0,"rgb(198, 219, 239)"
304,"('Philip', 0.035586809440093764)",6,"(669, 355)",2.0,"rgb(87, 160, 206)"
305,"('Myles', 0.035480262106440785)",6,"(738, 437)",2.0,"rgb(104, 172, 213)"
306,"('Akiva', 0.035213893772308345)",6,"(192, 354)",,"rgb(211, 228, 243)"
307,"('Milo', 0.035213893772308345)",6,"(399, 362)",2.0,"rgb(8, 79, 153)"
308,"('Cayden', 0.035054072771828884)",6,"(376, 282)",2.0,"rgb(217, 232, 245)"
309,"('EDGAR', 0.035054072771828884)",6,"(328, 347)",2.0,"rgb(42, 122, 185)"
310,"('Yehoshua', 0.035000799105002395)",6,"(68, 102)",,"rgb(8, 68, 136)"
311,"('Syed', 0.03468115710404347)",6,"(330, 450)",,"rgb(130, 187, 219)"
312,"('Calvin', 0.03462788343721698)",6,"(305, 288)",2.0,"rgb(245, 250, 254)"
313,"('SHAWN', 0.034574609770390494)",6,"(335, 114)",,"rgb(193, 217, 237)"
314,"('Chance', 0.03452133610356401)",6,"(736, 396)",,"rgb(109, 175, 215)"
315,"('Emilio', 0.03430824143625806)",6,"(777, 270)",2.0,"rgb(25, 103, 173)"
316,"('WILSON', 0.03409514676895211)",6,"(47, 93)",,"rgb(81, 156, 204)"
317,"('Luka', 0.03404187310212562)",6,"(550, 344)",,"rgb(210, 227, 243)"
318,"('Graham', 0.03393532576847264)",6,"(183, 149)",,"rgb(191, 216, 237)"
319,"('MEKHI', 0.03382877843481967)",6,"(218, 100)",,"rgb(226, 237, 248)"
320,"('JAY', 0.03377550476799318)",6,"(891, 178)",2.0,"rgb(82, 157, 204)"
321,"('Zaire', 0.03377550476799318)",6,"(561, 162)",,"rgb(43, 123, 186)"
322,"('Yusuf', 0.03377550476799318)",6,"(374, 126)",,"rgb(231, 241, 250)"
323,"('Elian', 0.03372223110116669)",6,"(190, 149)",,"rgb(36, 116, 183)"
324,"('Aden', 0.03356241010068723)",6,"(276, 211)",2.0,"rgb(117, 180, 216)"
325,"('JESSE', 0.0328165787651164)",6,"(835, 136)",2.0,"rgb(109, 175, 215)"
326,"('Jude', 0.03276330509828992)",6,"(533, 266)",,"rgb(151, 198, 223)"
327,"('Shmiel', 0.03244366309733099)",6,"(379, 242)",,"rgb(8, 64, 130)"
328,"('Arjun', 0.0323903894305045)",6,"(139, 386)",,"rgb(213, 229, 244)"
329,"('Dante', 0.032337115763678016)",6,"(304, 450)",2.0,"rgb(8, 48, 107)"
330,"('YADIEL', 0.03217729476319855)",6,"(606, 306)",2.0,"rgb(58, 138, 194)"
331,"('Hugo', 0.03201747376271909)",6,"(320, 152)",,"rgb(159, 202, 225)"
332,"('JULIO', 0.031910926429066115)",6,"(359, 236)",,"rgb(124, 183, 218)"
333,"('Abel', 0.031804379095413136)",6,"(833, 245)",,"rgb(223, 236, 247)"
334,"('Anson', 0.03175110542858665)",6,"(318, 213)",,"rgb(201, 221, 240)"
335,"('Hershel', 0.03175110542858665)",6,"(400, 449)",2.0,"rgb(145, 195, 222)"
336,"('Jariel', 0.031644558094933675)",6,"(875, 332)",,"rgb(8, 73, 144)"
337,"('Pedro', 0.031431463427627725)",6,"(304, 189)",,"rgb(160, 203, 226)"
338,"('Bryson', 0.031378189760801235)",6,"(839, 163)",2.0,"rgb(246, 250, 255)"
339,"('Brendan', 0.031271642427148263)",6,"(278, 400)",2.0,"rgb(211, 228, 243)"
340,"('Joaquin', 0.030952000426189334)",6,"(528, 423)",2.0,"rgb(23, 100, 171)"
341,"('Ben', 0.030952000426189334)",6,"(528, 190)",,"rgb(207, 225, 242)"
342,"('MARCOS', 0.03084545309253636)",6,"(398, 387)",,"rgb(32, 112, 180)"
343,"('Brayan', 0.030738905758883384)",6,"(822, 189)",2.0,"rgb(215, 230, 245)"
344,"('Kyrie', 0.030738905758883384)",6,"(701, 159)",2.0,"rgb(214, 229, 244)"
345,"('Lazer', 0.030472537424750947)",6,"(444, 124)",2.0,"rgb(218, 232, 246)"
346,"('Spencer', 0.030206169090618507)",6,"(658, 436)",2.0,"rgb(232, 241, 250)"
347,"('NELSON', 0.02967343242235363)",6,"(927, 253)",,"rgb(69, 148, 199)"
348,"('Pablo', 0.02967343242235363)",6,"(666, 463)",2.0,"rgb(214, 229, 244)"
349,"('Aryan', 0.029300516754568216)",6,"(281, 156)",,"rgb(202, 221, 240)"
350,"('Shlome', 0.029300516754568216)",6,"(166, 276)",,"rgb(127, 185, 218)"
351,"('Efraim', 0.02919396942091524)",6,"(288, 100)",,"rgb(222, 235, 247)"
352,"('Moishe', 0.029087422087262265)",6,"(910, 303)",,"rgb(8, 77, 150)"
353,"('Carson', 0.028181769751211977)",6,"(817, 392)",2.0,"rgb(27, 105, 175)"
354,"('Jayceon', 0.027968675083906026)",6,"(102, 93)",2.0,"rgb(8, 71, 141)"
355,"('Brody', 0.027915401417079537)",6,"(754, 110)",2.0,"rgb(171, 208, 230)"
356,"('ARMANI', 0.027755580416600076)",6,"(672, 152)",,"rgb(213, 229, 244)"
357,"('Hamza', 0.027702306749773586)",6,"(305, 76)",,"rgb(10, 84, 158)"
358,"('Greyson', 0.027542485749294125)",6,"(590, 342)",2.0,"rgb(138, 191, 221)"
359,"('Harry', 0.02738266474881466)",6,"(593, 363)",2.0,"rgb(64, 144, 197)"
360,"('Youssef', 0.0272228437483352)",6,"(744, 418)",2.0,"rgb(8, 73, 144)"
361,"('Stanley', 0.027116296414682224)",6,"(380, 66)",2.0,"rgb(225, 237, 248)"
362,"('Justice', 0.02700974908102925)",6,"(282, 358)",,"rgb(200, 220, 240)"
363,"('Karter', 0.02700974908102925)",6,"(107, 116)",2.0,"rgb(79, 155, 203)"
364,"('Mathew', 0.026903201747376274)",6,"(447, 290)",2.0,"rgb(208, 226, 242)"
365,"('YOEL', 0.026903201747376274)",6,"(789, 414)",2.0,"rgb(21, 98, 169)"
366,"('Sincere', 0.0267966544137233)",6,"(702, 166)",2.0,"rgb(217, 231, 245)"
367,"('Ezekiel', 0.026317191412284908)",6,"(687, 117)",2.0,"rgb(50, 130, 190)"
368,"('Mario', 0.026317191412284908)",6,"(847, 268)",,"rgb(50, 130, 190)"
369,"('Elimelech', 0.02626391774545842)",6,"(402, 124)",2.0,"rgb(214, 230, 244)"
370,"('Griffin', 0.02626391774545842)",6,"(843, 230)",2.0,"rgb(196, 218, 238)"
371,"('Noam', 0.026210644078631933)",6,"(488, 302)",,"rgb(208, 225, 242)"
372,"('Milan', 0.026157370411805443)",6,"(541, 454)",2.0,"rgb(10, 83, 158)"
373,"('EDISON', 0.025997549411325982)",6,"(465, 393)",2.0,"rgb(233, 242, 250)"
374,"('ABDUL', 0.025944275744499493)",6,"(541, 438)",2.0,"rgb(185, 214, 234)"
375,"('Samir', 0.025891002077673007)",6,"(465, 343)",2.0,"rgb(113, 177, 215)"
376,"('Sholom', 0.025891002077673007)",6,"(511, 257)",,"rgb(122, 182, 217)"
377,"('Mendy', 0.02578445474402003)",6,"(845, 335)",2.0,"rgb(156, 201, 225)"
378,"('Gavriel', 0.025731181077193542)",6,"(420, 174)",2.0,"rgb(164, 204, 227)"
379,"('Rocco', 0.025251718075755155)",6,"(602, 480)",2.0,"rgb(86, 160, 206)"
380,"('CARMELO', 0.02514517074210218)",6,"(468, 371)",2.0,"rgb(48, 128, 189)"
381,"('Baruch', 0.02514517074210218)",6,"(361, 442)",,"rgb(32, 112, 180)"
382,"('Ryder', 0.024985349741622715)",6,"(432, 233)",,"rgb(19, 95, 167)"
383,"('Eitan', 0.02487880240796974)",6,"(754, 157)",2.0,"rgb(223, 235, 247)"
384,"('TRAVIS', 0.024825528741143254)",6,"(310, 196)",2.0,"rgb(91, 163, 208)"
385,"('Marc', 0.024825528741143254)",6,"(763, 263)",,"rgb(27, 105, 175)"
386,"('Benzion', 0.024772255074316765)",6,"(510, 318)",2.0,"rgb(8, 72, 142)"
387,"('Lawrence', 0.02466570774066379)",6,"(107, 148)",2.0,"rgb(8, 57, 121)"
388,"('Benson', 0.024559160407010814)",6,"(367, 89)",,"rgb(227, 238, 249)"
389,"('Amadou', 0.024292792072878377)",6,"(364, 189)",,"rgb(65, 145, 198)"
390,"('Uriel', 0.024079697405572427)",6,"(244, 415)",,"rgb(28, 107, 176)"
391,"('Moises', 0.02397315007191945)",6,"(670, 264)",,"rgb(8, 51, 112)"
392,"('Rohan', 0.023919876405092962)",6,"(809, 119)",2.0,"rgb(21, 97, 169)"
393,"('Jimmy', 0.023919876405092962)",6,"(288, 155)",,"rgb(132, 188, 219)"
394,"('Kenny', 0.023866602738266476)",6,"(119, 203)",2.0,"rgb(178, 210, 232)"
395,"('DARWIN', 0.023813329071439987)",6,"(629, 355)",,"rgb(227, 238, 249)"
396,"('Roberto', 0.0237600554046135)",6,"(655, 342)",2.0,"rgb(220, 234, 246)"
397,"('Zain', 0.02349368707048106)",6,"(670, 419)",,"rgb(10, 83, 158)"
398,"('Zayden', 0.02349368707048106)",6,"(115, 163)",2.0,"rgb(183, 212, 234)"
399,"('Yousef', 0.023387139736828086)",6,"(278, 187)",2.0,"rgb(8, 59, 124)"
400,"('Yahir', 0.02328059240317511)",6,"(897, 326)",,"rgb(196, 218, 238)"
401,"('Grant', 0.02280112940173672)",6,"(260, 511)",,"rgb(159, 202, 225)"
402,"('Jefferson', 0.022747855734910234)",5,"(203, 230)",,"rgb(29, 108, 177)"
403,"('Bennett', 0.02264130840125726)",5,"(106, 237)",,"rgb(65, 145, 198)"
404,"('Maximiliano', 0.02242821373395131)",5,"(224, 211)",2.0,"rgb(8, 78, 152)"
405,"('Shloimy', 0.02242821373395131)",5,"(532, 389)",,"rgb(17, 92, 165)"
406,"('Avrum', 0.02237494006712482)",5,"(307, 295)",2.0,"rgb(184, 213, 234)"
407,"('Hersh', 0.02237494006712482)",5,"(529, 498)",2.0,"rgb(8, 74, 145)"
408,"('Rowan', 0.022215119066645358)",5,"(206, 132)",,"rgb(231, 241, 250)"
409,"('Pinchas', 0.022108571732992383)",5,"(563, 207)",,"rgb(242, 247, 253)"
410,"('KELVIN', 0.022055298066165893)",5,"(719, 313)",2.0,"rgb(8, 49, 109)"
411,"('Kieran', 0.022055298066165893)",5,"(405, 282)",2.0,"rgb(41, 121, 185)"
412,"('Aharon', 0.021948750732512918)",5,"(481, 160)",2.0,"rgb(223, 235, 247)"
413,"('OMARI', 0.021842203398859943)",5,"(806, 238)",,"rgb(8, 74, 145)"
414,"('Jael', 0.021788929732033457)",5,"(115, 37)",,"rgb(175, 209, 231)"
415,"('Ibrahima', 0.021735656065206967)",5,"(259, 163)",,"rgb(122, 182, 217)"
416,"('Everett', 0.021735656065206967)",5,"(326, 71)",2.0,"rgb(18, 94, 166)"
417,"('Abdoulaye', 0.021575835064727506)",5,"(725, 114)",2.0,"rgb(225, 237, 248)"
418,"('Reid', 0.021575835064727506)",5,"(581, 318)",,"rgb(68, 147, 199)"
419,"('Shea', 0.02141601406424804)",5,"(713, 198)",,"rgb(169, 207, 229)"
420,"('Ayan', 0.02141601406424804)",5,"(147, 75)",,"rgb(29, 108, 177)"
421,"('Leandro', 0.021362740397421556)",5,"(816, 398)",2.0,"rgb(247, 251, 255)"
422,"('Jasiah', 0.02125619306376858)",5,"(717, 281)",2.0,"rgb(109, 175, 215)"
423,"('JULIEN', 0.02125619306376858)",5,"(68, 144)",,"rgb(106, 174, 214)"
424,"('Francesco', 0.02125619306376858)",5,"(303, 152)",,"rgb(130, 187, 219)"
425,"('BRADY', 0.02098982472963614)",5,"(830, 278)",,"rgb(8, 72, 142)"
426,"('Nico', 0.02098982472963614)",5,"(273, 272)",,"rgb(99, 168, 211)"
427,"('Moussa', 0.020936551062809654)",5,"(148, 321)",2.0,"rgb(165, 205, 227)"
428,"('Damien', 0.02083000372915668)",5,"(456, 456)",2.0,"rgb(50, 130, 190)"
429,"('Cheskel', 0.02083000372915668)",5,"(378, 342)",2.0,"rgb(8, 75, 147)"
430,"('Theo', 0.02083000372915668)",5,"(699, 407)",,"rgb(245, 249, 254)"
431,"('Naftuli', 0.02077673006233019)",5,"(576, 352)",,"rgb(175, 209, 231)"
432,"('Sergio', 0.020510361728197753)",5,"(384, 166)",,"rgb(173, 208, 230)"
433,"('Shloime', 0.020510361728197753)",5,"(651, 140)",,"rgb(22, 99, 170)"
434,"('Elliott', 0.020403814394544778)",5,"(683, 360)",,"rgb(31, 110, 179)"
435,"('Mathias', 0.020137446060412338)",5,"(254, 103)",,"rgb(8, 73, 144)"
436,"('Kamari', 0.020084172393585852)",5,"(843, 195)",,"rgb(143, 194, 222)"
437,"('Ezequiel', 0.020030898726759363)",5,"(768, 194)",2.0,"rgb(72, 150, 200)"
438,"('Kareem', 0.020030898726759363)",5,"(107, 109)",2.0,"rgb(221, 234, 247)"
439,"('KHALIL', 0.019977625059932873)",5,"(592, 268)",,"rgb(8, 64, 130)"
440,"('Winston', 0.019871077726279898)",5,"(752, 120)",,"rgb(8, 48, 107)"
441,"('ERIK', 0.019764530392626923)",5,"(335, 91)",,"rgb(8, 77, 150)"
442,"('Zayan', 0.019657983058973948)",5,"(889, 311)",2.0,"rgb(8, 80, 155)"
443,"('Shalom', 0.01939161472484151)",5,"(439, 502)",2.0,"rgb(208, 226, 242)"
444,"('Roy', 0.01939161472484151)",5,"(688, 277)",,"rgb(20, 96, 168)"
445,"('Yitzchak', 0.019285067391188536)",5,"(774, 112)",2.0,"rgb(104, 172, 213)"
446,"('Lev', 0.01912524639070907)",5,"(360, 477)",,"rgb(59, 139, 194)"
447,"('Jaxson', 0.019071972723882585)",5,"(396, 92)",,"rgb(204, 223, 241)"
448,"('BRYANT', 0.01891215172340312)",5,"(683, 300)",,"rgb(218, 232, 246)"
449,"('Quinn', 0.018858878056576635)",5,"(513, 444)",,"rgb(193, 217, 237)"
450,"('Boruch', 0.01875233072292366)",5,"(304, 98)",,"rgb(130, 187, 219)"
451,"('Mike', 0.018645783389270684)",5,"(699, 136)",,"rgb(237, 244, 252)"
452,"('Rodrigo', 0.01848596238879122)",5,"(327, 149)",,"rgb(214, 230, 244)"
453,"('Ronan', 0.01848596238879122)",5,"(829, 293)",,"rgb(8, 52, 113)"
454,"('ELVIS', 0.018432688721964734)",5,"(699, 420)",,"rgb(238, 245, 252)"
455,"('Conor', 0.018432688721964734)",5,"(759, 134)",2.0,"rgb(8, 77, 150)"
456,"('ALBERTO', 0.018113046721005808)",5,"(530, 167)",,"rgb(8, 48, 107)"
457,"('Emmett', 0.018113046721005808)",5,"(386, 209)",2.0,"rgb(234, 242, 251)"
458,"('Yossi', 0.017953225720526343)",5,"(417, 179)",,"rgb(196, 218, 238)"
459,"('Aarav', 0.017633583719567417)",5,"(795, 225)",,"rgb(22, 99, 170)"
460,"('JALEN', 0.017633583719567417)",5,"(442, 341)",2.0,"rgb(102, 171, 212)"
461,"('ROMEO', 0.017633583719567417)",5,"(485, 333)",,"rgb(227, 238, 248)"
462,"('Jonas', 0.017633583719567417)",5,"(319, 100)",,"rgb(96, 167, 210)"
463,"('AMARE', 0.01758031005274093)",5,"(490, 472)",,"rgb(23, 100, 171)"
464,"('MELVIN', 0.017473762719087956)",5,"(753, 360)",2.0,"rgb(48, 128, 189)"
465,"('Beckett', 0.01731394171860849)",5,"(885, 238)",2.0,"rgb(51, 131, 190)"
466,"('Oumar', 0.01731394171860849)",5,"(748, 392)",2.0,"rgb(55, 135, 192)"
467,"('Binyomin', 0.017260668051782006)",5,"(693, 452)",2.0,"rgb(33, 113, 181)"
468,"('RICKY', 0.01688775238399659)",5,"(563, 238)",,"rgb(8, 48, 107)"
469,"('Caiden', 0.01688775238399659)",5,"(214, 291)",,"rgb(211, 228, 243)"
470,"('Silas', 0.016834478717170104)",5,"(612, 311)",2.0,"rgb(33, 113, 181)"
471,"('MARVIN', 0.01672793138351713)",5,"(820, 324)",,"rgb(224, 236, 248)"
472,"('Musa', 0.01667465771669064)",5,"(199, 50)",,"rgb(14, 88, 162)"
473,"('Ahmad', 0.016568110383037665)",5,"(79, 245)",,"rgb(212, 228, 244)"
474,"('Yariel', 0.016514836716211175)",5,"(150, 53)",,"rgb(199, 219, 239)"
475,"('Bruce', 0.0164082893825582)",5,"(151, 32)",2.0,"rgb(8, 80, 155)"
476,"('PINCHUS', 0.01624846838207874)",5,"(101, 153)",,"rgb(32, 112, 180)"
477,"('FILIP', 0.0159821000479463)",5,"(452, 422)",,"rgb(199, 220, 239)"
478,"('Yisrael', 0.015928826381119813)",5,"(214, 406)",2.0,"rgb(127, 185, 218)"
479,"('Alpha', 0.015928826381119813)",5,"(400, 130)",2.0,"rgb(234, 242, 251)"
480,"('Frederick', 0.015875552714293324)",5,"(344, 304)",2.0,"rgb(68, 147, 199)"
481,"('Sawyer', 0.015715731713813862)",5,"(639, 379)",,"rgb(45, 125, 187)"
482,"('Rayyan', 0.015502637046507912)",5,"(379, 490)",2.0,"rgb(74, 152, 201)"
483,"('Byron', 0.015342816046028449)",5,"(231, 343)",,"rgb(68, 147, 199)"
484,"('ILAN', 0.015289542379201961)",5,"(346, 355)",,"rgb(8, 59, 124)"
485,"('Neymar', 0.015289542379201961)",5,"(410, 384)",2.0,"rgb(8, 56, 119)"
486,"('ESTEBAN', 0.015236268712375474)",5,"(52, 112)",,"rgb(21, 97, 169)"
487,"('Ellis', 0.015129721378722498)",5,"(652, 470)",2.0,"rgb(32, 111, 180)"
488,"('ZALMEN', 0.015129721378722498)",5,"(594, 208)",,"rgb(12, 86, 160)"
489,"('Santino', 0.014863353044590058)",5,"(550, 319)",,"rgb(129, 186, 219)"
490,"('DENNIS', 0.01481007937776357)",5,"(862, 302)",,"rgb(21, 98, 169)"
491,"('Emiliano', 0.01481007937776357)",5,"(748, 374)",2.0,"rgb(51, 131, 190)"
492,"('ENRIQUE', 0.014756805710937083)",5,"(553, 160)",,"rgb(97, 167, 210)"
493,"('Aayan', 0.014543711043631133)",5,"(251, 179)",,"rgb(62, 142, 196)"
494,"('Morris', 0.014437163709978157)",5,"(685, 183)",,"rgb(92, 164, 208)"
495,"('Avi', 0.014277342709498694)",5,"(330, 357)",,"rgb(45, 125, 187)"
496,"('Rory', 0.014224069042672207)",5,"(172, 279)",2.0,"rgb(8, 58, 122)"
497,"('Fabian', 0.014117521709019231)",5,"(867, 261)",,"rgb(186, 214, 235)"
498,"('Enzo', 0.014117521709019231)",5,"(888, 159)",,"rgb(49, 129, 189)"
499,"('GUSTAVO', 0.014064248042192744)",5,"(567, 161)",,"rgb(8, 72, 142)"
500,"('MARLON', 0.014010974375366256)",5,"(518, 352)",,"rgb(30, 109, 178)"
501,"('RUBEN', 0.014010974375366256)",5,"(249, 381)",,"rgb(176, 210, 231)"
502,"('Kimi', 0.014010974375366256)",5,"(207, 257)",,"rgb(33, 113, 181)"
503,"('Tony', 0.013957700708539768)",5,"(630, 327)",,"rgb(225, 237, 248)"
504,"('Peyton', 0.013851153374886793)",5,"(303, 520)",,"rgb(61, 141, 196)"
505,"('ABDIEL', 0.013744606041233818)",5,"(218, 429)",,"rgb(8, 66, 133)"
506,"('Allan', 0.013744606041233818)",5,"(376, 151)",,"rgb(132, 188, 219)"
507,"('DONOVAN', 0.01369133237440733)",5,"(440, 413)",2.0,"rgb(195, 218, 238)"
508,"('Archer', 0.01369133237440733)",5,"(418, 259)",,"rgb(214, 230, 244)"
509,"('CRISTOPHER', 0.013638058707580843)",5,"(399, 342)",2.0,"rgb(59, 139, 194)"
510,"('ABDOUL', 0.01347823770710138)",5,"(196, 145)",,"rgb(8, 80, 155)"
511,"('Junior', 0.013424964040274892)",5,"(792, 307)",2.0,"rgb(23, 100, 171)"
512,"('YANDEL', 0.013424964040274892)",5,"(623, 278)",,"rgb(204, 223, 241)"
513,"('Meilech', 0.013424964040274892)",5,"(420, 151)",,"rgb(8, 50, 110)"
514,"('DARIUS', 0.013371690373448404)",5,"(159, 209)",,"rgb(58, 138, 194)"
515,"('Tomas', 0.013318416706621917)",5,"(616, 443)",,"rgb(34, 114, 182)"
516,"('LEONEL', 0.013158595706142454)",5,"(585, 175)",,"rgb(69, 148, 199)"
517,"('KYMANI', 0.013105322039315966)",5,"(657, 374)",2.0,"rgb(86, 160, 206)"
518,"('Lincoln', 0.013105322039315966)",5,"(404, 315)",2.0,"rgb(97, 167, 210)"
519,"('Francis', 0.012945501038836503)",5,"(314, 422)",2.0,"rgb(90, 162, 207)"
520,"(""AMAR'E"", 0.01278568003835704)",5,"(306, 215)",,"rgb(156, 201, 225)"
521,"('Eden', 0.01278568003835704)",5,"(339, 309)",,"rgb(184, 213, 234)"
522,"('Saul', 0.012625859037877578)",5,"(863, 367)",2.0,"rgb(46, 126, 188)"
523,"('Rehan', 0.012519311704224602)",5,"(828, 136)",,"rgb(216, 231, 245)"
524,"('Kendrick', 0.012466038037398115)",5,"(809, 380)",2.0,"rgb(82, 157, 204)"
525,"('Major', 0.012199669703265676)",5,"(510, 290)",,"rgb(124, 183, 218)"
526,"('ADITYA', 0.012146396036439189)",5,"(609, 224)",,"rgb(55, 135, 192)"
527,"('LENNY', 0.011986575035959726)",5,"(312, 347)",,"rgb(8, 64, 130)"
528,"('Chesky', 0.011986575035959726)",5,"(276, 247)",2.0,"rgb(53, 133, 191)"
529,"('Arham', 0.011986575035959726)",5,"(139, 363)",,"rgb(228, 239, 249)"
530,"('AHRON', 0.011826754035480263)",5,"(698, 284)",,"rgb(117, 180, 216)"
531,"('Raul', 0.011826754035480263)",5,"(321, 383)",,"rgb(229, 239, 249)"
532,"('MAURICIO', 0.011720206701827288)",5,"(717, 254)",2.0,"rgb(166, 206, 228)"
533,"('CADEN', 0.011720206701827288)",5,"(323, 124)",,"rgb(26, 104, 174)"
534,"('JACKY', 0.011560385701347823)",5,"(810, 213)",,"rgb(234, 242, 251)"
535,"('CODY', 0.011507112034521335)",5,"(263, 404)",,"rgb(52, 132, 191)"
536,"('NOSSON', 0.01140056470086836)",5,"(292, 74)",,"rgb(8, 77, 150)"
537,"('Ousmane', 0.011294017367215385)",5,"(789, 155)",2.0,"rgb(56, 136, 193)"
538,"('Alston', 0.011294017367215385)",5,"(840, 171)",2.0,"rgb(214, 230, 244)"
539,"('STEVE', 0.01118747003356241)",5,"(582, 469)",2.0,"rgb(81, 156, 204)"
540,"('Gordon', 0.01118747003356241)",5,"(52, 80)",,"rgb(218, 232, 246)"
541,"('Kameron', 0.011134196366735922)",5,"(744, 193)",,"rgb(8, 48, 107)"
542,"('Nachman', 0.011134196366735922)",5,"(724, 186)",2.0,"rgb(241, 247, 253)"
543,"('DERRICK', 0.011080922699909434)",5,"(158, 411)",2.0,"rgb(8, 68, 136)"
544,"('Kingston', 0.011080922699909434)",5,"(581, 428)",2.0,"rgb(191, 216, 237)"
545,"('Duvid', 0.011027649033082947)",5,"(391, 168)",,"rgb(44, 124, 186)"
546,"('SHNEUR', 0.010761280698950508)",5,"(202, 436)",,"rgb(151, 198, 223)"
547,"('Skyler', 0.010761280698950508)",5,"(134, 51)",,"rgb(194, 217, 238)"
548,"('Armaan', 0.010335091364338607)",5,"(118, 86)",2.0,"rgb(8, 80, 155)"
549,"('Adyan', 0.01028181769751212)",5,"(617, 134)",,"rgb(205, 223, 241)"
550,"('Jax', 0.01028181769751212)",5,"(446, 82)",2.0,"rgb(27, 105, 175)"
551,"('REED', 0.010228544030685632)",5,"(386, 462)",,"rgb(202, 221, 240)"
552,"('FARHAN', 0.010175270363859144)",5,"(786, 408)",2.0,"rgb(108, 174, 214)"
553,"('Arlo', 0.010015449363379681)",5,"(457, 189)",2.0,"rgb(122, 182, 217)"
554,"('FRANKLIN', 0.009962175696553194)",5,"(328, 305)",,"rgb(173, 208, 230)"
555,"('Adan', 0.009908902029726706)",5,"(172, 217)",,"rgb(57, 137, 193)"
556,"('Walter', 0.009908902029726706)",5,"(440, 378)",,"rgb(202, 221, 240)"
557,"('Damon', 0.009802354696073731)",5,"(241, 366)",,"rgb(132, 188, 219)"
558,"('JAMARI', 0.009749081029247243)",5,"(202, 461)",,"rgb(39, 119, 184)"
559,"('Quincy', 0.009695807362420756)",5,"(197, 416)",2.0,"rgb(14, 89, 162)"
560,"('Vincenzo', 0.009695807362420756)",5,"(638, 191)",2.0,"rgb(176, 210, 231)"
561,"('JAIME', 0.009642533695594268)",5,"(523, 135)",,"rgb(201, 221, 240)"
562,"('JERMAINE', 0.00958926002876778)",5,"(697, 353)",2.0,"rgb(8, 57, 121)"
563,"('DREW', 0.009535986361941293)",5,"(255, 344)",,"rgb(186, 214, 235)"
564,"('Cairo', 0.009535986361941293)",5,"(623, 479)",2.0,"rgb(193, 217, 237)"
565,"('Hillel', 0.009482712695114805)",5,"(342, 206)",2.0,"rgb(164, 204, 227)"
566,"('Meyer', 0.009429439028288317)",5,"(555, 192)",,"rgb(141, 193, 221)"
